0,0,0,0,0,0,0,0,0,0,0,0,0,0,0,0,0,0,0,0,0,0,
0,0,0,0,0,0,0,0,0,0,0,0,0,0,0,0,0,0,0,0,0,0,
0,0,0,0,0,0,0,0,0,0,0,0,0,0,0,0,0,0,0,0,0,0,
0,0,0,0,0,0,0,0,0,0,0,0,0,0,0,0,0,0,0,0,0,0,
0,0,0,0,0,0,0,0,0,0,0,0,0,0,0,0,0,0,0,0,0,0,
0,0,0,0,0,0,0,0,0,0,0,0,0,0,0,0,0,0,0,0,0,0,
0,0,0,0,0,0,0,0,0,0,0,0,0,0,0,0,0,0,0,0,0,0,
0,0,0,0,0,0,0,0,0,0,0,0,0,0,0,0,0,0,0,0,0,0,
0,0,0,0,0,0,0,0,0,0,0,0,0,0,0,0,0,0,0,0,0,0,
0,0,0,0,0,0,0,0,0,0,0,0,0,0,0,0,0,0,0,0,0,0,
0,0,0,0,0,0,0,0,0,0,0,0,0,0,0,0,0,0,0,0,0,0,
0,0,0,0,0,0,0,0,0,0,0,0,0,0,0,0,0,0,0,0,0,0,
0,0,0,0,0,0,0,0,0,0,0,0,0,0,0,0,0,0,0,0,0,0,
0,0,0,0,0,0,0,0,0,0,0,0,0,0,0,0,0,0,0,0,0,0,
0,0,0,0,0,0,0,0,0,0,0,0,0,0,0,0,0,0,0,0,0,0,
0,0,0,0,0,0,0,0,0,0,0,0,0,0,0,0,0,0,0,0,0,0,
0,0,0,0,0,0,0,0,0,0,0,0,0,0,0,0,0,0,0,0,0,0,
0,0,0,0,0,0,0,0,0,0,0,0,0,0,0,0,0,0,0,0,0,0,
0,0,0,0,0,0,0,0,0,0,0,0,0,0,0,0,0,0,0,0,0,0,
0,0,0,0,0,0,0,0,0,0,0,0,0,0,0,0,0,0,0,0,0,0,
0,0,0,0,0,0,0,0,0,0,0,0,0,0,0,0,0,0,0,0,0,0,
-3,-2,0,0,0,1,0,0,0,0,0,0,0,0,1,0,-2,0,0,0,-4,2,
-3,-3,0,-3,1,1,1,0,0,0,0,0,0,0,2,-3,-1,-4,1,0,-5,4,
-3,-3,1,-5,3,2,0,2,0,0,1,0,1,2,3,-6,-3,-5,2,0,-6,5,
-2,-2,0,-5,4,1,-2,1,0,0,3,1,1,2,2,-6,-5,-5,1,0,-5,9,
-2,-3,1,-4,3,1,-3,2,-3,2,3,1,1,1,-1,-5,-4,-8,0,0,-4,10,
0,-1,3,-2,3,0,-4,1,-1,4,2,0,1,1,-5,-4,-1,-7,0,-2,0,10,
0,-3,6,1,0,1,-4,0,1,4,3,2,1,2,-6,-1,-2,-3,-2,-2,1,10,
0,-4,5,3,0,1,-2,0,3,5,3,3,1,0,-5,1,0,-3,-5,-2,1,5,
1,-5,6,2,0,2,0,1,0,6,3,4,2,-1,-3,1,0,-4,-5,-3,-2,1,
3,-3,7,3,2,3,0,0,3,5,2,3,3,0,0,0,0,0,-3,-3,-2,2,
7,-2,5,3,4,0,0,0,1,4,3,4,3,2,1,0,-3,-1,-3,-1,0,0,
11,0,4,2,7,-1,0,1,-1,1,3,4,5,4,0,2,-3,-4,-4,-1,0,-3,
9,0,6,2,8,-2,-1,0,-4,0,2,3,4,6,-2,2,-6,-4,-5,0,0,3,
4,2,7,0,8,-4,0,0,0,1,3,3,4,8,-6,3,-8,-1,-5,0,1,5,
2,2,6,0,5,-4,0,2,0,2,5,5,3,4,-7,6,-11,-2,-4,2,0,5,
0,2,4,-3,3,0,0,2,1,1,6,4,3,1,-5,7,-9,0,0,2,0,5,
-1,4,3,-3,5,1,0,0,0,3,7,2,3,1,-6,5,-8,3,1,1,2,8,
0,6,3,-5,2,0,-1,-1,1,4,7,2,3,1,-5,5,-5,2,2,2,2,6,
3,5,3,-6,0,2,-1,-4,0,2,7,0,3,4,0,5,-4,2,4,0,5,5,
3,4,3,-7,-1,2,-1,-5,1,1,6,3,5,10,0,3,-1,3,1,-1,6,4,
1,4,4,-3,-3,2,-3,-5,0,1,6,4,3,11,-3,3,-3,2,-3,-2,6,4,
1,6,5,-5,-5,2,-2,-6,0,1,4,5,3,8,-2,3,-6,2,-4,-2,5,0,
4,5,5,-2,-6,3,-1,-7,1,4,5,7,1,6,-4,2,-7,4,-3,-5,6,-1,
5,3,5,-1,-4,2,0,-4,1,6,5,10,-2,6,-6,2,-2,4,-5,-6,5,-1,
6,5,3,-5,-1,2,0,-7,0,2,4,6,-5,3,-7,1,-1,5,-7,-4,4,-2,
7,2,3,-8,4,0,1,-6,0,1,1,6,-5,6,-4,0,2,5,-5,-3,5,-1,
6,0,2,-6,4,1,0,-5,3,2,-3,6,-5,9,-3,0,5,6,-2,-1,5,2,
6,0,-1,-6,8,1,0,-2,3,0,-4,5,-6,11,-3,0,5,2,-3,1,3,0,
6,1,-4,-4,7,3,0,0,3,0,-4,5,-4,9,-3,0,5,0,-3,3,3,-1,
2,0,-1,-3,8,1,0,2,4,2,-5,6,-2,9,-4,0,5,-2,-1,2,4,-3,
0,4,-1,-3,5,-1,0,0,4,7,-3,6,-4,7,-6,1,1,-3,-3,1,3,-7,
-62,4,160,295,305,353,171,39,34,19,36,21,9,28,7,18,18,0,53,676,608,260,
-158,9,362,663,669,781,386,87,74,35,79,39,27,53,24,39,41,9,136,1492,1330,596,
-278,21,580,1052,1054,1230,615,139,119,52,123,59,46,83,44,62,64,17,237,2341,2059,958,
-416,32,813,1460,1452,1695,858,193,164,71,169,80,65,112,60,84,90,24,372,3196,2742,1368,
-538,43,1057,1877,1855,2167,1111,246,211,87,214,100,86,136,74,108,120,30,532,4031,3367,1814,
-539,48,1150,2004,1961,2289,1193,261,227,89,223,104,88,137,70,120,137,30,665,4126,3328,2016,
-499,46,1219,2068,2007,2342,1234,266,238,87,225,107,87,129,64,128,154,28,788,4054,3145,2161,
-418,39,1271,2119,2042,2379,1260,264,246,86,225,105,84,120,55,139,174,19,909,3920,2945,2287,
-293,29,1305,2154,2064,2403,1287,261,253,86,225,109,82,111,49,155,192,17,1002,3765,2788,2371,
-160,30,1341,2183,2082,2423,1296,261,257,85,227,113,84,107,48,171,209,15,1076,3606,2687,2421,
-72,41,1368,2205,2096,2440,1313,262,267,88,229,120,86,102,50,184,219,15,1122,3500,2644,2443,
0,57,1397,2226,2109,2458,1333,265,274,96,229,127,85,105,49,202,229,11,1170,3409,2600,2455,
88,73,1445,2252,2123,2478,1358,271,285,102,230,136,87,104,48,227,241,15,1230,3324,2552,2466,
181,79,1497,2278,2138,2500,1364,277,295,109,234,139,87,103,46,251,251,17,1296,3238,2511,2472,
271,84,1578,2321,2167,2533,1392,285,315,122,239,148,95,107,40,296,274,14,1394,3148,2442,2484,
391,89,1671,2369,2201,2573,1419,293,331,141,250,159,108,117,37,355,302,13,1507,3069,2371,2495,
572,93,1752,2418,2231,2607,1439,299,342,157,259,162,124,125,34,418,328,19,1606,3006,2324,2498,
746,97,1809,2454,2254,2635,1455,302,348,168,269,165,138,135,36,471,348,21,1674,2976,2283,2487,
907,111,1861,2491,2277,2660,1478,308,353,178,275,172,152,146,42,519,369,22,1728,2966,2233,2475,
1057,114,1872,2505,2287,2672,1485,311,348,181,277,171,156,153,47,547,376,26,1739,2985,2210,2454,
1174,113,1863,2513,2291,2675,1487,309,342,179,276,167,157,157,48,560,375,30,1732,3012,2182,2431,
1248,111,1850,2511,2295,2679,1491,308,338,176,276,167,157,157,50,559,375,29,1723,3034,2155,2413,
1302,111,1837,2510,2298,2681,1492,309,333,175,273,162,157,160,51,562,375,30,1719,3052,2131,2397,
1349,113,1820,2505,2300,2681,1494,310,329,175,273,159,157,161,51,567,376,33,1712,3070,2112,2380,
1391,113,1807,2502,2299,2682,1497,310,325,175,271,156,156,162,51,567,378,35,1712,3088,2093,2366,
1423,112,1794,2498,2298,2682,1498,310,321,176,272,155,156,161,53,568,383,33,1704,3101,2080,2352,
1440,90,1784,2493,2297,2677,1481,309,314,177,269,149,156,160,52,574,383,29,1698,3113,2068,2342,
1452,69,1777,2488,2294,2672,1464,308,309,178,266,149,153,155,49,572,384,26,1692,3120,2055,2334,
1468,53,1775,2486,2292,2672,1448,305,303,175,266,147,153,152,43,568,384,23,1689,3125,2041,2330,
1514,48,1771,2481,2291,2672,1442,305,300,175,266,147,154,150,42,568,379,22,1689,3132,2032,2328,
1580,25,1754,2470,2283,2662,1414,297,290,166,258,142,152,144,37,559,371,17,1677,3152,2024,2319,
1666,14,1715,2458,2269,2649,1394,285,271,149,250,137,141,143,35,541,368,21,1645,3195,2025,2299,
1765,9,1639,2432,2251,2619,1370,269,247,130,241,130,133,147,32,511,371,26,1574,3268,2025,2240,
1860,2,1543,2395,2226,2578,1346,253,216,113,226,122,123,150,37,475,377,30,1482,3342,2023,2156,
1919,-25,1408,2343,2194,2513,1294,229,177,87,210,107,109,151,36,426,387,32,1352,3392,2008,2045,
1955,-30,1262,2284,2158,2438,1251,211,144,66,196,93,95,160,38,374,398,40,1210,3376,1971,1905,
1972,-29,1118,2218,2120,2358,1206,197,119,55,187,86,89,167,42,332,406,43,1077,3300,1904,1757,
1969,-48,985,2152,2081,2271,1145,185,93,42,178,75,78,167,40,295,406,39,972,3139,1814,1614,
1956,-75,855,2086,2043,2182,1082,172,75,29,172,63,67,169,35,266,404,35,875,2942,1704,1483,
1942,-86,749,2023,2006,2101,1032,169,56,23,168,55,61,172,33,244,402,34,808,2730,1595,1353,
1928,-95,660,1968,1973,2032,987,168,43,20,165,48,58,172,31,230,400,31,763,2545,1498,1249,
1910,-112,576,1910,1940,1957,936,162,34,13,159,37,49,170,22,213,398,23,721,2358,1411,1149,
1893,-120,510,1862,1908,1898,899,159,30,12,158,30,44,171,20,206,396,20,687,2207,1347,1079,
1873,-125,460,1818,1877,1847,860,158,25,9,154,24,33,169,17,197,391,17,662,2088,1301,1019,
1856,-131,426,1786,1851,1805,827,155,27,5,151,20,26,166,11,188,389,12,645,2001,1259,981,
1837,-150,398,1750,1822,1767,792,150,23,0,149,16,17,161,6,177,386,6,629,1940,1225,947,
1822,-154,386,1729,1801,1745,775,150,21,-2,148,10,14,160,10,172,385,10,614,1912,1205,927,
1813,-154,375,1716,1785,1726,763,146,20,-3,146,10,15,157,11,166,388,11,600,1900,1188,905,
1803,-164,359,1702,1772,1698,743,141,18,-7,141,3,13,154,10,159,389,8,589,1886,1169,887,
1796,-174,345,1688,1759,1677,723,135,10,-7,139,0,10,152,10,156,386,7,579,1865,1159,868,
1795,-159,334,1684,1755,1662,726,134,9,-4,139,-1,13,153,11,157,386,7,575,1846,1152,852,
1800,-148,324,1677,1752,1649,730,135,10,-3,139,3,14,150,12,158,388,7,576,1826,1144,841,
1804,-136,316,1664,1745,1638,730,139,9,-2,140,4,12,153,15,157,384,10,578,1798,1137,831,
1810,-114,310,1653,1739,1636,739,141,10,4,143,12,20,153,20,158,382,15,576,1766,1132,815,
1809,-97,305,1644,1732,1628,750,144,19,8,145,17,25,154,23,158,382,19,573,1746,1125,805,
1807,-93,301,1634,1725,1622,747,144,23,11,145,20,26,155,26,156,384,25,571,1725,1115,801,
1803,-92,294,1626,1716,1617,740,139,23,11,145,21,24,155,27,155,383,30,569,1699,1110,795,
1798,-91,291,1619,1710,1604,737,135,24,8,140,21,25,154,27,153,384,29,570,1690,1105,789,
1797,-92,284,1613,1704,1598,729,130,25,5,137,20,22,153,26,154,382,28,566,1685,1104,789,
1798,-99,278,1606,1698,1592,717,126,24,4,133,15,20,151,28,154,379,29,560,1677,1098,785,
1792,-110,268,1599,1691,1584,705,121,20,1,128,12,16,149,25,153,374,24,557,1661,1094,777,
1789,-117,260,1590,1686,1575,693,117,16,-2,122,6,19,146,20,154,371,18,555,1646,1088,770,
1787,-128,252,1581,1680,1571,684,117,15,-3,121,2,17,141,17,155,367,13,553,1628,1079,765,
1786,-139,245,1571,1672,1562,671,115,12,-2,118,-2,12,141,16,154,362,9,555,1606,1070,762,
1773,-159,227,1551,1657,1545,650,112,4,-11,111,-6,5,136,9,148,356,0,556,1566,1057,751,
1768,-163,213,1526,1638,1517,643,111,0,-15,108,-8,4,132,8,144,354,0,551,1522,1039,727,
1764,-160,193,1496,1612,1494,644,112,0,-10,109,-5,2,132,12,138,350,-4,543,1479,1022,702,
1757,-148,174,1461,1578,1465,643,111,-3,-8,109,-3,4,132,16,132,349,-3,531,1422,1011,674,
1748,-131,158,1414,1539,1427,652,114,0,-5,110,3,9,130,19,128,352,1,518,1353,999,631,
1745,-96,144,1358,1479,1380,662,112,7,4,116,13,17,133,28,129,357,9,499,1278,995,578,
1733,-72,134,1292,1408,1328,656,108,15,10,119,18,19,134,33,126,353,16,475,1192,995,528,
1705,-63,126,1207,1306,1243,624,103,20,11,117,22,17,134,34,117,344,23,441,1089,991,464,
1661,-60,119,1104,1173,1136,575,98,25,14,110,25,15,134,32,104,330,27,394,973,983,386,
1601,-69,109,983,1012,1001,492,94,25,12,105,22,12,131,28,90,310,27,338,856,976,308,
1535,-87,108,864,857,860,402,92,23,9,99,15,8,128,23,75,288,25,280,756,968,245,
1457,-107,100,745,689,696,288,89,19,5,93,10,7,123,18,59,262,19,222,680,959,189,
1387,-123,96,645,548,548,185,86,14,1,85,3,5,117,13,50,235,13,172,618,954,145,
1330,-132,91,564,443,426,98,83,9,-2,85,-2,5,107,12,46,212,9,138,578,950,118,
1294,-130,90,511,374,340,44,82,6,-2,84,-1,4,102,10,44,196,4,116,555,947,106,
1269,-127,85,473,322,277,7,76,3,-4,83,1,4,99,9,40,181,2,104,538,945,97,
1259,-122,88,443,296,248,-5,78,2,-3,84,3,0,97,9,41,176,5,95,521,945,89,
1253,-115,88,416,279,231,-11,80,6,0,89,9,0,95,11,42,173,9,89,512,944,90,
1246,-107,88,390,263,207,-18,83,11,3,91,13,0,98,13,43,177,10,87,497,941,89,
1237,-96,90,367,244,183,-22,82,16,6,92,15,5,102,19,40,181,15,82,488,940,87,
1226,-84,93,344,228,159,-33,85,19,12,91,17,6,104,23,43,183,14,82,477,940,86,
1215,-73,90,328,212,134,-45,85,23,15,91,17,10,106,24,44,184,15,83,466,935,87,
1203,-63,89,314,198,107,-56,83,23,12,87,17,14,107,24,41,186,17,86,453,934,84,
1190,-58,89,302,184,92,-68,80,25,10,86,18,12,110,23,39,186,19,88,441,935,79,
1178,-57,88,288,177,78,-81,73,27,10,82,19,9,107,23,42,186,19,88,436,933,72,
1176,-53,88,278,170,63,-100,74,29,9,81,20,8,104,24,42,173,24,86,448,927,67,
1145,-23,92,271,175,63,-106,112,50,77,80,31,28,98,37,46,152,38,97,319,977,76,
1082,-19,92,262,186,72,-113,127,72,172,80,38,85,92,46,81,127,47,129,230,1020,483,
986,2,95,256,205,92,-104,166,96,318,80,49,183,89,68,139,108,76,186,155,1072,1422,
902,17,97,253,216,105,-53,243,114,417,81,57,292,85,84,192,87,126,610,75,1089,2169,
828,24,100,247,225,118,94,316,130,481,77,69,394,84,115,478,76,154,1597,0,1120,2338,
799,7,102,242,224,119,266,358,122,448,77,65,478,83,523,1392,75,170,1926,82,1125,2363,
833,14,107,238,212,114,333,366,112,372,77,203,491,82,721,1601,78,172,1968,143,1114,1955,
919,-4,107,235,189,90,335,334,92,242,73,228,431,76,761,1619,71,146,1925,212,1078,1009,
1004,-12,108,233,173,75,284,266,75,151,72,232,343,73,773,1599,61,100,1507,276,1076,254,
1071,-22,106,233,160,60,141,195,58,90,71,225,261,67,758,1339,60,73,517,322,1061,74,
1125,-29,100,231,150,48,-41,116,48,60,68,226,172,66,357,441,53,47,177,354,1020,26,
1149,-31,95,229,146,38,-111,93,38,52,67,88,114,66,170,219,52,40,102,368,996,15,
1159,-27,94,228,146,35,-126,87,32,46,68,58,93,66,127,166,52,38,84,370,991,12,
1163,-31,90,224,143,29,-134,80,30,45,68,50,84,63,114,151,54,35,80,370,985,11,
1168,-24,91,220,139,26,-136,77,32,45,71,51,77,64,115,142,53,36,81,369,982,10,
1172,-21,92,217,135,24,-131,77,29,46,72,51,74,63,116,140,54,38,83,370,983,10,
1181,-16,92,219,131,23,-126,78,30,46,74,49,69,63,116,141,54,36,82,371,986,10,
1190,-8,94,219,129,23,-120,79,33,46,75,50,70,62,118,141,54,38,83,368,986,9,
1199,5,99,221,128,26,-114,87,32,45,75,52,70,65,120,138,53,40,80,367,986,9,
1205,15,97,221,127,27,-107,85,31,48,72,54,66,61,120,137,50,43,78,366,986,10,
1210,22,99,221,127,27,-102,82,34,49,70,55,65,58,118,135,47,44,74,362,981,7,
1212,24,99,219,128,26,-98,77,34,48,67,57,67,53,117,132,43,48,71,356,978,4,
1212,22,95,213,124,22,-102,73,36,47,65,54,67,49,116,130,36,49,70,352,974,4,
1209,19,88,211,124,21,-100,64,36,47,61,54,69,44,115,133,35,47,70,343,971,3,
1208,16,87,206,125,19,-102,61,36,46,60,50,69,41,110,133,34,45,71,334,969,1,
1208,13,83,202,124,20,-104,59,35,45,59,49,73,40,111,133,32,45,73,323,968,4,
1208,10,81,197,124,20,-107,56,35,43,58,49,74,39,107,132,28,43,76,315,965,2,
1208,10,80,196,122,22,-106,51,30,43,57,49,74,38,106,131,24,44,75,308,959,1,
1209,10,80,191,120,22,-104,50,32,44,56,49,73,36,102,130,18,47,76,300,955,3,
1212,10,76,190,118,23,-102,48,31,44,53,51,75,37,104,131,15,47,77,293,951,2,
1213,12,73,187,117,21,-99,44,28,43,49,53,72,36,103,131,10,46,77,284,948,-2,
1214,14,69,185,113,18,-96,43,28,43,44,51,69,35,105,130,9,48,75,273,943,-2,
1218,14,63,182,114,18,-95,46,27,44,40,53,66,35,105,127,11,45,72,265,942,-4,
1218,10,59,178,111,16,-98,45,26,43,43,54,63,31,105,127,11,41,70,257,940,-10,
1219,10,57,174,113,13,-102,46,29,43,44,54,65,31,106,126,10,41,69,250,938,-10,
1218,8,57,171,112,9,-104,46,32,43,41,52,64,28,107,125,10,42,70,247,934,-8,
1215,6,58,169,114,11,-106,44,31,43,38,51,63,23,106,126,7,40,70,245,935,-6,
1212,6,58,167,112,8,-108,40,33,43,36,52,63,19,106,126,5,43,71,240,931,-6,
1211,10,58,165,113,10,-108,39,36,41,33,52,63,19,109,125,6,44,72,235,929,-2,
1207,10,58,163,114,11,-104,37,37,38,32,51,60,15,109,125,6,44,70,229,927,-1,
1207,12,58,162,114,15,-103,37,32,39,31,52,60,14,111,124,4,41,70,225,925,-1,
1209,14,57,161,113,14,-102,38,34,39,35,54,63,14,111,124,4,43,74,220,920,-1,
1209,15,57,157,112,17,-101,37,35,35,36,54,63,13,112,127,1,42,74,217,919,-3,
1210,15,57,153,114,15,-98,34,31,37,34,56,63,13,111,125,0,41,73,216,916,-1,
1211,15,57,148,113,15,-97,34,29,40,32,55,63,13,111,122,-2,43,74,215,916,-2,
1208,16,56,146,111,15,-96,34,31,40,34,55,63,14,110,122,0,41,75,212,916,-1,
1208,16,56,145,112,14,-97,27,28,37,32,54,60,12,108,120,0,40,72,209,913,0,
1206,13,56,145,113,10,-98,25,25,40,30,55,60,12,109,119,3,38,71,204,913,4,
1204,12,54,145,114,9,-101,27,25,40,31,51,60,12,109,121,3,40,72,199,915,3,
1206,10,51,146,113,8,-103,27,23,38,32,55,59,9,109,121,3,36,72,192,912,1,
1208,7,47,145,112,6,-106,26,25,38,33,55,58,8,109,121,0,39,72,188,909,1,
1212,8,43,143,110,3,-107,32,28,40,32,53,61,9,111,120,-3,38,71,185,911,-1,
1215,8,43,142,109,2,-108,35,32,37,30,54,63,10,110,118,-7,38,74,185,910,-2,
1215,9,45,142,105,3,-107,34,36,38,28,55,62,10,111,115,-6,38,72,184,908,-2,
1211,12,44,143,104,6,-107,33,37,41,26,51,60,11,109,114,-9,42,72,184,902,0,
1210,15,49,140,102,6,-106,32,37,41,23,50,60,11,108,115,-9,39,72,184,896,-4,
1206,13,52,136,102,11,-104,33,35,43,25,52,57,12,109,119,-10,38,69,181,894,-2,
1202,14,52,133,99,9,-103,28,30,47,24,50,56,12,105,122,-10,37,66,177,893,-2,
1204,12,50,132,98,9,-107,25,28,44,26,50,56,7,102,122,-15,38,66,173,889,-5,
1205,10,47,132,98,6,-110,25,30,41,29,49,56,8,99,123,-14,36,67,169,889,-4,
1206,9,44,131,100,6,-112,22,31,38,33,48,56,6,96,123,-11,37,62,163,890,0,
1206,10,39,132,102,4,-113,21,30,36,31,49,57,6,97,120,-12,41,63,159,887,1,
1210,12,36,133,103,5,-112,21,32,36,33,50,57,4,97,118,-11,40,65,155,881,-3,
1207,14,36,132,104,4,-110,24,33,39,30,50,55,8,98,117,-7,39,64,152,880,-3,
1208,13,40,131,103,3,-110,24,32,39,28,53,56,8,102,118,-3,40,63,147,880,-5,
1208,11,42,132,105,4,-109,23,32,40,25,52,57,11,103,118,-5,42,67,144,879,-8,
1210,9,43,131,103,2,-109,20,31,40,24,52,57,10,98,118,-1,42,68,143,878,-10,
1209,7,43,130,103,2,-113,22,31,37,19,50,55,5,101,118,-3,44,69,141,876,-6,
1213,5,43,127,102,1,-118,21,31,34,19,49,56,1,102,117,-5,45,70,139,874,-5,
1212,6,38,127,102,1,-119,19,29,36,18,49,57,1,102,115,-10,46,69,141,873,-4,
1211,7,33,126,100,1,-123,18,27,36,19,51,57,0,102,112,-12,43,70,139,873,-7,
1210,4,31,125,98,0,-127,18,27,35,20,50,56,0,106,110,-17,39,69,136,872,-14,
1207,3,32,125,97,0,-127,18,24,38,22,52,54,7,103,109,-15,42,69,136,871,-16,
1205,3,34,125,95,0,-125,16,21,37,20,52,54,11,102,113,-19,40,69,130,869,-19,
1205,-1,37,121,95,3,-127,14,20,37,20,52,53,9,100,114,-14,39,68,124,867,-20,
1206,-3,41,117,94,2,-127,14,22,40,17,52,52,7,100,112,-13,40,67,124,865,-20,
1206,0,45,116,92,5,-124,14,23,41,16,55,52,6,100,115,-10,42,67,120,865,-11,
1208,2,45,114,93,6,-122,15,26,41,17,55,55,3,104,117,-12,38,67,114,865,-12,
1207,4,43,114,95,8,-120,16,27,41,22,56,56,0,102,112,-12,38,69,115,862,-9,
1208,8,43,114,94,4,-116,17,26,40,26,57,57,1,104,110,-15,38,70,117,861,-12,
1206,8,44,115,94,4,-114,14,24,36,25,56,57,2,103,112,-18,39,72,114,857,-12,
1209,9,43,115,96,3,-114,16,24,35,25,52,57,2,103,111,-22,39,72,113,856,-15,
1017,6,37,94,82,1,-97,11,18,30,21,42,49,2,82,92,-20,33,59,97,718,-10,
783,7,33,73,61,1,-75,6,15,24,15,33,40,5,62,74,-13,28,44,77,555,-4,
544,7,25,49,44,2,-54,5,11,17,7,21,29,5,41,55,-12,20,30,54,384,1,
304,4,15,27,25,-1,-27,6,3,12,5,14,15,5,21,37,-7,15,15,32,215,5,
58,0,7,2,6,0,-3,3,-1,4,0,4,2,3,-3,15,-1,7,0,10,43,9,
7,-2,6,0,0,0,2,4,-1,0,-1,3,-1,4,-6,10,0,5,0,5,10,6,
0,-3,5,-1,-1,0,4,8,-2,0,-1,0,-1,2,-3,8,-2,3,1,0,3,3,
0,-4,4,0,-5,0,4,6,1,0,0,0,-1,0,-7,9,0,5,4,0,3,2,
0,-4,5,-2,-4,3,2,5,5,0,0,0,0,-1,-7,6,0,3,7,0,3,-1,
2,-1,6,-2,-1,4,2,0,5,-2,2,0,-2,-1,-5,5,0,2,7,1,2,0,
1,2,5,-1,0,4,3,0,6,0,3,-1,-1,-2,-6,6,0,2,2,1,1,-2,
3,1,3,-1,0,4,2,-2,7,0,0,0,-3,-8,-9,7,2,3,0,3,0,-2,
2,0,3,-4,0,4,2,0,6,1,0,0,-5,-4,-7,3,0,1,-4,1,0,-3,
-3,0,0,-4,-5,5,2,3,6,3,1,0,-4,-3,-8,2,-2,0,-8,1,0,0,
-1,0,0,-2,-7,1,1,6,6,6,2,2,0,-2,-9,3,-2,0,-6,2,1,-3,
-4,-5,0,-4,-7,0,2,6,5,8,4,4,0,-4,-4,1,-6,2,0,2,1,-1,
-4,-6,0,-4,-4,0,2,3,3,10,9,3,1,1,-5,3,-5,2,0,1,1,-5,
-4,-6,0,-1,-2,-3,2,2,0,8,10,3,1,1,-4,5,-1,3,2,2,0,-5,
3,-5,4,1,2,-5,1,0,0,7,9,0,2,0,0,4,1,5,4,3,0,-5,
-1,-5,4,3,3,-3,-1,-4,-4,7,8,-3,3,1,1,3,0,4,3,2,0,-2,
-3,-2,4,3,5,0,0,-4,-3,6,6,-3,5,6,0,3,1,3,0,3,0,0,
-2,-4,5,1,3,-2,-1,-4,-2,5,2,-3,3,4,0,0,2,3,0,0,0,5,
-2,-4,6,0,4,-1,-2,-6,-2,7,0,-3,4,2,-2,0,0,1,0,-3,-2,6,
-4,-3,5,-2,5,0,-3,-3,-3,6,0,-1,4,4,-3,-2,-3,0,1,-6,-2,8,
-1,-2,5,-5,3,0,-1,1,0,5,-2,0,5,2,-2,1,-2,1,1,-7,-2,5,
4,-3,6,-4,1,-2,-5,2,-3,6,-4,0,5,0,-5,2,0,-3,1,-11,-1,3,
2,0,6,-2,1,0,-2,5,-3,9,-1,1,6,0,-2,3,-4,-6,1,-7,-3,3,
5,1,5,0,-1,0,0,8,0,5,1,3,7,1,-1,5,-5,-6,0,-6,-1,1,
5,2,6,3,-4,0,1,4,0,4,1,2,8,1,-2,5,-6,-6,-3,-5,-1,0,
5,2,5,5,-6,1,1,3,0,1,4,3,5,2,-4,5,-6,-6,-4,-3,-2,1,
5,3,4,3,-4,2,2,2,4,0,6,3,2,2,0,3,-7,-3,-5,-1,-3,0,
4,1,5,3,-4,2,1,1,4,0,6,1,-1,5,-3,5,-9,1,-3,-2,0,1,
3,-2,6,2,-2,1,0,0,0,0,6,0,-2,7,-3,7,-7,0,-5,0,0,0,
0,-1,6,-2,-2,2,0,4,-1,0,6,3,-2,5,-4,11,-7,-3,-5,0,-1,2,
-2,0,8,-5,1,1,0,3,0,3,7,3,-1,4,-6,10,-10,-2,-5,0,-3,5,
-4,1,9,-3,2,1,0,6,0,2,7,4,1,4,-10,12,-10,-2,-4,0,-3,5,
-8,5,6,-5,2,1,0,7,2,0,4,4,4,2,-11,10,-6,-2,-6,4,-3,5,
-14,5,4,-4,1,2,1,5,4,4,5,5,3,-3,-9,7,-5,0,-3,5,-3,7,
-15,0,3,0,2,0,0,3,4,4,2,7,4,-1,-6,5,-4,3,-2,6,0,6,
-12,-2,3,0,0,1,0,0,3,3,2,6,5,1,-1,4,-4,4,0,4,3,5,
-10,-3,3,1,-1,0,0,-2,3,4,0,6,5,4,1,5,-7,4,0,4,4,5,
-6,-5,5,3,1,-1,1,-3,3,4,1,8,6,7,1,5,-7,1,0,2,3,6,
-2,-3,4,1,2,-4,1,-3,2,-1,0,5,6,10,1,5,-7,1,-2,0,4,9,
-1,2,7,1,0,-2,1,-6,2,1,-1,1,3,6,0,5,-5,3,-1,-1,6,9,
-2,5,6,4,-1,-2,1,-3,2,2,-5,0,2,5,-1,6,-3,2,-3,-2,5,9,
-7,5,5,-1,0,0,1,-2,2,0,-3,0,2,2,1,3,0,5,-6,-1,5,9,
-8,3,5,-3,0,1,1,-2,3,0,-5,0,1,3,4,1,1,7,-3,-2,7,7,
-8,3,5,-2,2,0,-1,-2,3,2,-5,1,0,6,1,3,0,8,0,-1,7,1,
-2,2,0,-3,7,0,-1,2,2,0,-2,3,0,11,-2,4,0,3,-1,0,4,-3,
-1,2,0,-4,12,-2,-1,3,2,-4,0,4,0,11,-1,2,0,0,-2,0,5,0,
2,3,0,0,10,-5,-2,1,2,0,0,2,-4,12,-3,2,-1,-2,0,0,5,-2,
-60,6,161,300,308,349,169,37,32,13,37,17,9,32,9,20,15,1,57,673,609,264,
-155,20,366,671,676,783,390,89,72,31,79,36,29,58,31,40,35,8,141,1493,1325,598,
-278,31,586,1059,1058,1234,621,143,117,51,124,57,49,86,51,63,58,19,243,2343,2054,962,
-419,41,819,1465,1454,1700,864,197,163,72,169,80,69,114,65,86,86,26,379,3199,2736,1366,
-541,52,1063,1881,1857,2173,1116,250,211,88,214,100,89,138,79,110,116,32,539,4034,3361,1811,
-542,59,1163,2010,1968,2297,1200,265,228,94,224,108,91,137,72,119,133,29,673,4125,3312,2012,
-499,52,1228,2075,2014,2351,1237,264,240,95,226,113,89,127,59,128,155,24,798,4039,3127,2163,
-408,46,1286,2125,2046,2387,1263,260,247,93,224,115,87,118,47,141,176,15,922,3897,2924,2291,
-278,52,1331,2162,2067,2415,1291,257,256,94,224,118,87,109,40,157,194,15,1014,3737,2765,2378,
-144,56,1369,2192,2085,2436,1301,258,261,94,226,122,89,105,39,173,211,13,1088,3577,2663,2429,
-63,62,1395,2212,2097,2451,1313,261,268,98,228,126,91,103,41,189,225,17,1136,3473,2620,2452,
2,72,1431,2233,2113,2469,1329,265,277,106,230,132,92,103,40,209,233,16,1185,3386,2567,2462,
95,77,1473,2261,2132,2489,1345,270,287,114,232,139,94,100,40,234,242,19,1243,3299,2527,2471,
188,79,1525,2291,2153,2510,1357,276,297,123,236,148,96,101,43,265,256,19,1317,3211,2479,2475,
300,84,1610,2337,2185,2546,1388,286,314,140,243,159,103,106,44,316,281,21,1425,3123,2412,2487,
451,91,1700,2388,2219,2585,1419,294,327,155,252,166,115,116,42,378,307,21,1528,3048,2347,2495,
651,97,1768,2430,2245,2616,1444,299,335,164,261,170,128,126,46,437,335,25,1612,2999,2314,2494,
817,107,1824,2466,2267,2645,1466,305,342,173,270,173,140,137,51,488,356,27,1677,2978,2267,2481,
975,109,1865,2497,2284,2666,1481,311,345,179,276,173,151,146,52,530,374,28,1725,2974,2226,2467,
1106,109,1867,2506,2289,2675,1488,310,342,179,278,169,157,153,52,551,379,27,1731,2997,2199,2443,
1205,108,1860,2506,2290,2679,1491,307,341,179,278,167,160,153,56,560,378,27,1732,3025,2173,2418,
1268,109,1851,2505,2292,2679,1494,309,338,180,278,163,164,154,57,563,375,29,1727,3047,2148,2399,
1323,107,1843,2503,2293,2680,1499,310,336,182,279,160,164,157,56,562,377,30,1721,3066,2129,2386,
1370,105,1830,2499,2291,2680,1501,309,330,185,282,158,165,161,55,565,376,31,1713,3084,2114,2374,
1407,103,1823,2498,2292,2678,1501,311,326,184,282,160,166,163,54,568,379,33,1706,3098,2102,2361,
1434,102,1808,2497,2292,2678,1501,312,320,183,282,158,164,165,54,570,382,33,1697,3107,2092,2352,
1447,77,1795,2493,2288,2675,1480,308,312,180,278,154,160,162,47,568,385,26,1692,3110,2077,2344,
1457,60,1786,2490,2285,2673,1457,305,302,174,273,149,158,159,42,567,385,22,1688,3115,2062,2335,
1485,56,1782,2484,2287,2675,1452,304,298,171,269,148,156,155,42,569,385,19,1685,3121,2048,2328,
1535,28,1768,2474,2282,2672,1427,296,291,166,261,138,152,147,35,566,379,13,1683,3129,2037,2321,
1606,2,1744,2460,2269,2659,1396,284,278,156,246,128,146,142,27,554,375,10,1662,3160,2031,2308,
1696,-6,1689,2437,2255,2638,1378,274,255,140,235,122,133,141,29,533,373,13,1610,3218,2032,2281,
1799,-9,1603,2405,2236,2601,1358,260,232,126,225,116,122,147,34,503,377,20,1529,3292,2035,2219,
1879,-31,1497,2367,2210,2550,1312,241,199,104,210,105,109,150,33,460,383,28,1429,3361,2030,2136,
1934,-36,1366,2320,2183,2489,1276,222,164,82,199,97,97,158,38,412,394,35,1301,3410,2013,2030,
1957,-44,1219,2260,2151,2410,1232,207,130,62,193,88,85,165,42,360,401,42,1168,3366,1963,1888,
1964,-51,1086,2203,2114,2327,1183,191,107,48,188,79,78,171,43,317,407,44,1051,3261,1889,1739,
1954,-70,956,2141,2073,2238,1126,180,85,36,178,69,71,172,39,284,409,40,951,3081,1785,1596,
1943,-85,829,2073,2034,2150,1073,172,69,26,172,59,65,172,32,259,410,35,863,2878,1675,1457,
1929,-95,719,2009,1994,2064,1026,168,55,19,169,53,59,174,29,237,407,34,795,2656,1562,1324,
1918,-100,630,1954,1960,1996,985,166,45,13,167,47,52,175,24,226,404,30,747,2476,1473,1223,
1905,-109,550,1897,1930,1929,940,162,39,8,163,42,45,173,16,214,400,24,708,2305,1393,1131,
1886,-118,490,1848,1902,1874,898,154,32,6,163,31,41,168,11,203,396,24,677,2171,1335,1062,
1865,-126,447,1808,1872,1829,860,150,27,3,160,24,30,165,11,193,389,21,653,2062,1290,1008,
1846,-135,414,1776,1849,1791,819,144,24,0,155,16,18,163,9,187,387,15,635,1988,1253,966,
1827,-152,391,1751,1827,1758,784,139,22,-2,150,11,15,158,8,180,383,10,620,1934,1219,933,
1816,-156,376,1732,1809,1736,766,140,20,-3,148,6,15,154,12,176,382,12,609,1904,1196,910,
1809,-159,366,1717,1795,1716,754,143,19,-4,143,5,8,154,12,172,381,9,603,1892,1181,895,
1799,-168,349,1703,1782,1692,732,138,17,-6,141,1,9,152,10,166,382,3,594,1875,1163,871,
1793,-167,336,1691,1769,1677,724,140,13,-6,139,-1,13,152,8,161,382,4,585,1858,1152,859,
1796,-151,327,1681,1759,1663,727,140,13,-4,140,-2,15,153,9,160,384,2,584,1845,1148,848,
1797,-139,318,1670,1749,1647,727,141,14,-3,141,1,15,158,12,159,388,4,581,1825,1141,830,
1798,-127,314,1660,1741,1636,730,140,15,-3,145,7,20,162,16,158,392,7,576,1802,1135,816,
1804,-109,311,1652,1733,1629,743,144,13,0,145,12,24,166,17,158,395,15,570,1781,1132,812,
1807,-97,308,1641,1728,1619,746,144,17,3,144,18,22,163,21,159,397,16,570,1754,1128,801,
1809,-93,301,1631,1720,1610,744,141,20,3,146,23,21,162,26,157,398,21,568,1729,1120,793,
1805,-90,298,1625,1714,1606,745,139,19,8,146,23,21,161,28,156,394,22,568,1712,1116,794,
1804,-89,291,1618,1708,1598,741,136,18,9,140,22,22,159,28,155,389,23,568,1701,1112,788,
1803,-92,286,1610,1702,1591,734,129,22,6,134,22,22,157,28,154,382,22,573,1686,1107,783,
1801,-99,281,1605,1694,1584,725,125,22,5,131,18,24,156,28,152,376,26,567,1678,1098,778,
1793,-116,274,1599,1688,1575,709,123,16,5,124,12,24,152,24,154,372,26,561,1666,1093,778,
1789,-130,262,1592,1682,1568,697,119,12,3,118,6,21,150,18,153,369,21,559,1649,1084,777,
1785,-145,252,1584,1673,1562,681,118,8,3,118,-2,16,145,12,150,362,18,553,1627,1075,774,
1775,-160,240,1572,1662,1552,665,116,2,2,118,-10,10,140,11,146,359,10,548,1600,1065,766,
1768,-167,223,1548,1645,1535,654,112,-1,0,112,-11,7,140,8,142,355,2,547,1558,1053,749,
1767,-159,209,1521,1625,1515,651,109,0,0,110,-10,5,142,6,137,354,2,540,1510,1038,725,
1763,-151,194,1489,1599,1493,650,108,0,0,110,-7,7,139,10,134,352,2,532,1463,1024,696,
1758,-136,174,1443,1563,1462,654,105,2,0,111,1,12,139,17,132,353,4,520,1403,1014,662,
1753,-110,160,1393,1517,1423,663,108,8,4,113,9,18,139,24,132,355,13,502,1340,1002,618,
1742,-89,148,1334,1454,1371,663,109,12,3,117,15,20,136,28,128,355,21,483,1262,996,568,
1722,-74,135,1264,1380,1314,651,104,16,2,117,21,23,132,34,123,353,20,464,1177,994,513,
1681,-68,129,1161,1258,1212,603,99,17,2,113,19,20,131,34,112,344,26,425,1062,991,438,
1632,-64,125,1056,1116,1093,544,97,19,4,105,19,15,128,34,102,330,26,381,945,986,361,
1574,-77,115,938,964,959,459,93,18,1,100,15,8,126,29,87,308,24,331,827,983,288,
1507,-90,107,821,803,812,364,88,14,4,95,12,6,119,27,74,286,18,272,734,975,223,
1432,-107,99,705,637,648,254,87,11,4,90,7,2,115,22,59,258,13,213,659,966,169,
1375,-117,95,619,516,517,167,87,13,0,85,7,3,108,21,53,229,9,168,614,960,137,
1326,-125,89,550,425,412,92,83,9,-4,85,2,5,100,17,47,207,7,134,582,952,116,
1290,-122,87,498,355,327,42,82,9,-4,85,0,8,96,17,40,192,5,111,560,947,105,
1268,-119,87,459,313,272,9,82,12,-5,84,0,8,96,18,36,183,6,100,544,944,95,
1259,-114,88,430,291,241,-4,83,12,-4,83,0,6,95,18,35,178,9,95,526,941,88,
1246,-109,82,404,272,213,-19,75,13,-2,84,2,6,95,15,34,181,10,90,507,935,84,
1237,-101,80,379,255,186,-28,76,17,0,86,6,6,99,16,34,186,10,88,489,931,82,
1227,-94,81,356,239,165,-38,76,18,4,87,13,6,99,19,39,187,9,88,478,928,79,
1218,-84,82,340,225,143,-49,76,17,9,87,14,6,101,20,43,185,7,90,464,929,82,
1206,-71,82,323,210,121,-59,78,19,13,86,18,9,100,23,46,186,8,88,450,929,83,
1199,-62,86,310,198,103,-62,83,20,14,83,21,12,99,26,45,183,10,91,445,933,83,
1187,-57,86,298,186,88,-70,82,23,15,82,23,15,100,30,45,183,13,91,436,935,79,
1184,-52,86,286,180,74,-83,79,25,15,81,23,19,100,27,46,174,15,86,446,931,76,
1183,-47,87,277,173,59,-102,80,27,14,81,24,20,98,28,45,160,21,83,462,926,72,
1148,-20,87,269,181,62,-104,96,49,90,84,30,64,95,38,59,135,37,99,378,1019,243,
1085,-17,87,260,192,72,-111,107,71,186,84,37,126,90,46,96,109,46,131,298,1071,682,
989,-8,88,250,204,86,-111,156,89,328,85,47,224,86,61,151,83,75,195,215,1096,1629,
897,2,91,245,214,97,-58,231,107,427,82,55,330,83,79,203,71,127,621,121,1112,2375,
827,-5,89,236,216,111,100,303,118,482,79,70,450,82,392,1018,67,254,1339,55,1166,2531,
808,-25,94,234,207,114,256,352,113,431,76,78,540,79,942,1922,69,274,1499,98,1113,2386,
854,-19,99,231,193,105,297,358,94,345,79,85,526,80,1073,2103,74,276,1506,159,1083,1937,
942,-27,99,232,174,87,293,314,74,209,76,82,452,75,1101,2113,71,250,1450,230,1072,977,
1028,-33,100,231,160,74,241,243,57,117,74,80,362,72,1111,2092,62,204,1030,295,1075,218,
1091,-28,100,231,149,59,85,172,48,69,75,72,258,66,817,1301,57,78,315,329,1038,50,
1140,-32,93,229,142,43,-86,108,37,50,75,63,137,66,277,403,53,47,138,356,1009,9,
1158,-33,91,229,139,36,-129,91,34,49,72,54,102,62,154,208,51,40,96,363,999,6,
1172,-31,91,224,138,35,-138,88,32,49,75,52,87,62,127,163,53,37,89,368,997,8,
1176,-33,87,219,135,29,-145,85,30,49,75,51,84,62,118,149,54,37,87,368,995,5,
1183,-26,85,217,135,24,-146,83,30,47,74,50,83,59,114,146,54,42,81,369,996,6,
1189,-20,87,216,131,23,-138,80,27,45,74,47,83,61,113,142,56,39,84,368,995,5,
1197,-13,84,213,130,22,-133,81,28,46,77,48,82,61,116,142,54,36,87,365,994,2,
1201,-1,87,216,131,21,-120,81,32,46,75,50,83,61,116,142,54,38,86,362,993,0,
1206,11,90,218,131,23,-108,82,33,45,78,50,81,61,117,142,56,39,84,362,989,2,
1207,21,92,220,130,26,-98,78,31,46,76,54,76,61,119,139,52,39,85,361,985,3,
1210,28,89,218,129,26,-91,77,34,47,73,56,72,55,118,140,48,41,81,358,982,-2,
1211,29,85,217,126,28,-91,73,35,46,68,54,70,54,118,137,43,42,79,353,976,0,
1214,27,78,212,123,25,-95,69,34,45,65,51,69,50,118,133,38,40,77,348,968,0,
1213,22,74,207,121,22,-98,65,34,45,55,48,70,46,117,131,32,39,75,339,964,0,
1215,19,75,205,120,20,-104,64,36,43,53,43,73,44,117,130,31,38,75,327,961,0,
1215,14,77,202,121,18,-109,56,35,40,53,40,75,42,117,129,27,36,74,317,959,3,
1214,11,81,198,123,16,-111,52,35,39,53,41,75,39,113,129,25,36,74,310,958,0,
1210,11,78,196,123,18,-109,50,35,39,53,44,72,39,109,129,22,39,71,304,957,-1,
1212,12,76,194,123,20,-106,48,36,39,54,47,71,37,105,129,17,41,72,296,954,-1,
1213,10,73,188,125,23,-103,45,36,41,49,51,71,36,104,131,13,42,72,290,950,-1,
1215,10,71,182,123,23,-100,44,34,44,46,54,73,33,103,131,11,42,73,283,947,0,
1213,13,69,180,119,20,-101,45,31,46,45,51,71,30,105,131,9,45,71,273,944,0,
1213,13,72,177,118,17,-103,42,31,48,41,50,70,25,105,131,7,45,76,266,943,-1,
1213,9,70,173,115,14,-107,40,30,47,43,50,68,21,105,132,6,42,76,259,941,-7,
1209,9,66,169,113,11,-107,40,28,47,46,50,64,16,104,129,6,39,73,252,937,-10,
1207,9,65,168,112,7,-109,41,30,46,43,50,61,15,105,129,5,43,72,247,933,-11,
1208,5,63,166,115,6,-110,41,33,45,41,53,60,14,102,129,5,44,72,242,928,-10,
1211,5,61,164,114,6,-109,41,33,44,42,53,59,12,100,129,5,43,72,236,923,-6,
1214,10,62,164,116,9,-107,40,34,42,39,53,59,14,100,129,7,45,72,228,920,-1,
1214,9,63,164,117,9,-107,39,37,41,37,52,59,14,99,127,6,47,76,223,919,1,
1211,11,62,164,115,10,-108,39,37,41,38,53,61,14,101,124,9,46,76,221,920,-1,
1210,13,61,160,114,10,-103,38,34,42,34,55,61,13,105,124,9,46,76,219,921,0,
1208,14,60,156,112,13,-101,37,34,40,33,55,61,15,109,124,6,47,71,217,920,-5,
1205,14,58,152,112,12,-100,38,36,42,33,55,60,12,112,122,4,48,71,218,920,-3,
1206,15,57,145,112,12,-97,37,34,43,34,54,60,12,113,121,2,49,70,219,922,-2,
1209,17,57,141,112,15,-96,34,32,42,34,49,60,12,109,123,-1,50,72,212,919,0,
1209,18,58,143,109,16,-99,32,34,41,33,47,61,12,109,120,-4,50,73,207,917,-1,
1210,18,59,144,109,15,-102,33,35,44,32,48,61,12,109,118,-4,48,74,200,917,0,
1208,15,54,144,106,13,-102,32,32,45,31,47,60,14,109,118,-5,46,74,195,916,-2,
1210,15,50,146,104,12,-105,29,32,40,30,48,59,14,108,118,-4,41,74,189,910,-2,
1209,12,47,145,105,9,-106,29,33,37,31,52,58,13,109,117,-7,39,71,188,904,-4,
1212,13,44,143,106,6,-107,29,34,35,31,50,60,12,108,116,-8,36,70,185,902,-8,
1212,12,43,140,105,2,-105,26,28,32,31,49,63,13,104,117,-9,38,72,185,900,-10,
1216,14,46,139,105,1,-107,24,28,31,31,48,63,13,104,116,-12,39,72,184,897,-10,
1213,12,49,140,104,1,-108,25,26,35,31,48,63,12,101,114,-16,39,73,181,895,-10,
1213,11,49,139,103,1,-110,26,27,39,27,48,63,10,104,113,-12,42,75,179,896,-8,
1210,8,51,137,103,2,-110,23,26,41,28,52,60,11,107,113,-9,41,74,176,894,-4,
1210,5,46,137,101,5,-110,23,28,43,24,53,57,8,109,110,-5,42,72,175,892,0,
1210,4,44,136,101,5,-114,21,29,42,24,55,58,3,108,110,-5,42,72,172,890,-2,
1212,4,44,135,101,5,-115,21,29,42,24,55,58,3,111,112,-2,47,71,169,890,-5,
1214,6,42,133,100,6,-115,18,28,38,27,55,58,2,106,114,-1,45,66,163,888,-4,
1213,2,41,132,98,7,-111,17,28,37,27,52,58,2,102,117,-4,46,66,159,885,-3,
1214,3,45,133,101,7,-108,20,31,37,31,50,58,-1,102,119,-8,42,66,154,886,-7,
1212,5,43,132,100,6,-104,22,31,36,32,50,58,2,103,122,-7,38,67,151,888,-5,
1209,5,42,131,102,4,-102,19,34,37,29,51,57,3,102,124,-12,34,67,149,887,-3,
1015,2,37,113,85,3,-85,12,30,34,22,44,50,5,90,105,-13,27,57,126,746,-1,
780,8,32,90,65,2,-67,8,26,26,18,35,41,6,70,81,-11,23,44,100,578,0,
538,6,19,64,45,0,-49,4,19,17,10,22,28,10,47,59,-9,18,26,71,399,5,
297,1,12,38,27,-1,-27,-1,8,11,4,14,14,9,24,37,-6,16,11,41,221,6,
55,-3,3,8,3,0,-4,-1,0,2,0,3,2,7,0,13,0,11,-4,12,44,8,
6,-5,2,1,-1,0,1,3,-1,0,-1,0,-2,5,-9,8,1,7,-2,6,10,6,
0,-7,0,-1,-1,0,3,7,-2,0,-2,-3,-2,3,-7,6,-1,4,0,0,3,3,
-3,-4,6,0,-1,-4,4,6,-2,0,0,0,-1,5,-3,6,-4,3,1,-1,2,1,
-4,-4,9,-2,0,-2,3,5,1,0,0,0,0,4,-1,2,-4,0,3,-2,2,-2,
-2,0,10,0,0,-3,1,2,1,-2,2,0,2,4,2,2,-3,1,6,0,-1,-1,
-3,4,9,1,1,-3,0,1,2,0,4,0,3,3,1,3,-3,1,1,0,-3,-4,
-7,3,6,2,1,-3,0,0,4,-2,5,4,3,2,1,4,-3,1,1,2,-4,-2,
-6,1,4,-1,-2,2,0,3,7,-1,5,3,2,1,-1,3,-2,1,0,2,-5,-2,
-11,0,0,-2,-7,4,0,6,8,1,6,4,3,2,-3,3,-4,0,-2,3,-5,0,
-9,-1,0,-2,-7,1,1,7,8,4,7,5,4,3,-7,3,-5,0,-3,3,-1,-1,
-11,-6,0,-4,-7,0,2,6,7,6,9,7,3,1,-2,1,-9,2,1,3,0,1,
-12,-5,1,-8,-4,0,2,6,4,11,9,5,1,3,-1,0,-8,3,2,3,0,1,
-12,-4,2,-6,-1,-3,2,5,1,11,10,5,0,2,0,1,-4,4,5,5,0,2,
-8,-2,5,-6,1,-3,0,3,0,11,10,3,0,2,1,0,-2,4,10,5,0,2,
-13,-1,4,-5,2,-2,-2,0,-3,11,9,0,0,3,2,0,-4,2,9,4,0,5,
-13,-1,4,-4,5,0,-9,-1,-4,10,5,-2,0,4,1,0,-4,1,5,2,-1,8,
-6,-5,4,-3,2,-3,-13,-4,-5,7,0,-4,0,0,-1,0,-2,0,2,-3,0,7,
-4,-6,5,-3,3,-2,-14,-6,-5,9,-1,-4,0,-2,-3,0,-4,-1,2,-8,-3,7,
0,-4,5,-2,4,-2,-13,-7,-6,10,-4,-4,1,-1,-4,2,-2,0,0,-8,-4,12,
4,-3,5,-4,3,-2,-10,-3,-2,10,-7,-4,2,-3,-4,6,0,2,0,-9,-4,9,
9,0,5,-2,2,-3,-5,-2,-1,10,-3,-4,4,-3,-6,7,2,5,0,-6,-2,2,
7,3,4,0,2,-1,-1,0,0,13,0,-2,6,-1,-4,8,-1,3,0,-1,-5,1,
7,4,2,0,2,-1,0,0,1,11,4,-3,6,0,-4,8,0,4,-4,0,-2,2,
4,4,3,2,0,-1,0,-1,4,7,5,-4,7,0,-2,4,-3,3,-5,-1,-2,-1,
3,3,2,4,-1,0,0,-1,4,4,8,-3,4,1,-3,3,-4,2,-6,0,-3,0,
2,2,2,0,-1,0,1,-1,4,3,8,-1,1,3,0,2,-4,0,-7,0,-2,3,
1,0,3,0,-1,0,0,-1,3,3,7,-2,-3,5,-4,4,-6,3,-5,-1,0,4,
2,0,5,0,-1,2,1,0,1,5,6,1,-2,6,-4,5,-6,4,-6,1,0,5,
0,2,5,-3,-1,3,1,5,0,6,7,4,-2,4,-5,9,-6,2,-6,1,-1,9,
0,2,6,-6,2,0,0,4,0,8,7,4,0,4,-5,7,-5,1,-3,1,0,13,
-1,3,7,-4,3,0,0,7,0,7,6,5,2,4,-9,9,-3,0,-2,1,0,13,
-5,7,4,-6,3,0,0,8,2,4,4,5,5,2,-10,7,0,0,-4,6,0,13,
-10,3,3,-4,1,0,-1,5,3,4,3,5,4,-1,-7,5,0,-1,0,6,0,10,
-11,-2,2,0,3,-2,-2,2,3,4,1,6,5,0,-3,3,1,1,0,6,2,8,
-12,-3,3,0,1,0,0,0,3,3,1,6,5,1,-1,3,-3,3,0,4,3,5,
-11,-3,2,-1,-1,2,0,-2,3,4,-1,3,3,2,2,1,-4,5,0,2,4,6,
-6,-4,4,0,0,0,0,-3,3,7,-1,5,4,4,3,4,-7,3,0,-1,4,5,
-2,-1,3,-3,0,-5,1,-2,2,7,-1,4,5,10,2,3,-10,2,-1,-3,5,3,
1,1,1,-5,-1,-5,1,-2,2,4,0,0,4,9,1,2,-9,3,-2,-5,6,4,
-1,4,3,-2,-2,-6,1,-2,2,7,-3,0,2,4,2,1,-5,3,-2,-6,7,5,
-2,6,3,0,-4,-7,1,-4,2,6,-4,0,2,4,2,3,-7,3,-2,-6,7,4,
-7,6,2,-6,-4,-5,1,-4,2,4,-2,0,2,2,4,0,-5,7,-4,-5,6,4,
-8,2,4,-5,-3,-1,1,-4,2,1,-2,0,0,0,3,1,-4,7,-4,-3,5,6,
-8,2,5,-3,-1,0,-1,-4,2,3,-1,2,0,2,-1,3,-5,7,0,-2,5,1,
-10,0,1,-5,-1,-2,-1,-2,2,2,-1,2,0,7,-4,4,-8,6,-2,0,4,-1,
-10,0,3,-6,3,-5,0,-1,2,-1,0,3,0,6,-3,2,-8,3,-3,0,4,1,
-6,1,3,-1,1,-9,-1,-3,2,2,0,2,-3,7,-5,3,-9,0,-1,-1,5,0,
-5,4,2,-1,3,-9,-1,-4,2,5,-1,0,-1,9,-5,5,-9,-2,-1,-2,4,0,
-82,5,169,304,305,348,175,37,35,17,31,12,16,31,9,21,6,3,63,678,608,276,
-187,18,375,677,674,781,398,89,75,34,76,30,33,58,27,44,31,12,156,1498,1321,617,
-309,27,591,1066,1056,1235,629,144,120,56,123,55,51,88,44,68,55,23,259,2350,2048,977,
-449,38,825,1472,1456,1700,873,200,166,71,167,76,72,116,59,90,84,29,396,3205,2731,1386,
-572,51,1071,1889,1857,2172,1125,252,214,88,213,98,89,139,73,113,115,37,555,4041,3357,1828,
-560,58,1166,2011,1967,2295,1205,264,230,95,224,108,89,136,67,121,136,31,680,4126,3308,2023,
-498,49,1229,2075,2015,2348,1236,264,240,95,225,110,84,128,58,128,153,21,803,4035,3126,2170,
-403,43,1286,2125,2047,2385,1261,259,247,93,223,112,82,119,46,140,172,11,927,3892,2924,2297,
-273,48,1331,2163,2068,2413,1289,257,256,94,223,115,83,110,40,156,191,10,1019,3731,2765,2384,
-140,52,1371,2195,2088,2436,1313,261,266,94,222,120,81,107,38,172,210,12,1098,3569,2666,2436,
-58,59,1396,2215,2100,2452,1327,264,273,99,224,125,82,105,41,188,224,17,1147,3465,2623,2459,
21,75,1438,2239,2116,2475,1353,270,281,106,227,133,89,105,40,212,238,19,1199,3375,2574,2470,
117,81,1481,2267,2135,2496,1371,276,290,114,229,140,92,102,41,238,249,22,1258,3288,2534,2478,
210,80,1549,2304,2160,2526,1388,283,300,125,233,149,97,104,39,280,267,22,1347,3187,2475,2484,
323,85,1635,2350,2191,2561,1407,290,313,142,242,158,107,107,38,333,290,20,1452,3098,2403,2495,
474,92,1725,2401,2225,2599,1435,297,325,156,252,165,121,117,36,397,317,20,1555,3023,2337,2503,
656,94,1788,2440,2251,2627,1452,302,334,166,261,169,132,127,40,453,341,25,1633,2981,2301,2497,
817,104,1843,2475,2272,2655,1473,307,342,175,270,172,143,137,45,503,362,27,1696,2961,2253,2484,
978,108,1869,2499,2285,2668,1480,312,345,183,278,172,153,145,50,531,374,27,1727,2974,2219,2466,
1110,109,1868,2506,2289,2675,1485,312,342,184,281,167,159,151,51,550,378,26,1729,3001,2194,2441,
1210,112,1855,2507,2289,2679,1487,311,340,182,281,164,162,153,53,556,380,27,1729,3030,2174,2417,
1274,113,1845,2506,2291,2679,1490,313,337,182,281,160,166,155,53,559,377,29,1723,3052,2150,2398,
1328,112,1836,2504,2292,2680,1495,314,334,184,282,157,166,158,52,558,379,30,1717,3071,2131,2385,
1373,109,1823,2500,2290,2681,1499,311,328,183,284,156,166,163,51,562,379,31,1712,3085,2120,2375,
1409,107,1816,2498,2290,2679,1500,313,324,182,283,158,166,165,51,565,381,33,1705,3098,2108,2362,
1433,94,1809,2496,2290,2676,1488,313,318,180,279,158,162,162,51,567,380,32,1699,3107,2093,2353,
1446,66,1797,2492,2286,2673,1464,309,310,177,274,154,158,159,45,565,382,25,1695,3111,2078,2345,
1456,41,1786,2489,2284,2668,1436,305,300,171,269,146,158,155,38,564,381,19,1688,3113,2060,2337,
1484,36,1781,2483,2286,2669,1430,304,295,167,266,144,157,151,37,566,380,15,1684,3119,2046,2330,
1539,7,1764,2472,2280,2662,1401,294,286,159,258,135,152,145,32,557,371,9,1677,3133,2027,2322,
1612,-9,1738,2459,2268,2650,1382,282,275,151,246,124,148,143,27,546,369,7,1652,3165,2020,2308,
1704,-16,1677,2434,2252,2623,1363,268,254,134,237,116,136,141,28,519,369,12,1593,3232,2019,2264,
1807,-11,1592,2401,2232,2588,1348,253,231,119,226,113,122,147,35,487,374,21,1515,3310,2023,2198,
1887,-32,1486,2363,2206,2538,1303,234,199,97,211,102,109,151,34,444,380,29,1415,3380,2018,2114,
1937,-28,1344,2314,2177,2473,1268,220,165,77,202,96,96,157,36,396,394,38,1279,3401,1998,1994,
1960,-35,1195,2253,2145,2394,1225,206,131,58,197,87,84,164,40,344,402,45,1144,3351,1947,1848,
1965,-47,1060,2191,2108,2312,1172,193,105,45,190,80,76,171,38,310,402,46,1025,3224,1866,1708,
1954,-67,930,2128,2067,2223,1114,182,83,33,180,71,69,172,34,279,403,42,925,3040,1761,1568,
1944,-81,797,2056,2027,2132,1058,175,67,23,172,59,60,172,32,250,402,37,832,2823,1644,1417,
1929,-98,699,1995,1988,2053,1013,168,54,17,167,52,55,174,30,232,400,34,777,2621,1541,1297,
1918,-104,613,1941,1955,1986,972,165,44,11,164,46,48,174,25,221,396,30,731,2445,1453,1198,
1901,-108,539,1885,1924,1922,930,162,39,10,159,37,42,172,23,206,396,26,699,2279,1380,1113,
1881,-116,480,1836,1895,1868,889,155,33,8,159,26,37,168,20,194,393,26,669,2145,1324,1046,
1860,-125,441,1800,1867,1823,852,149,28,6,155,21,34,164,18,185,391,23,647,2048,1286,1005,
1841,-135,409,1769,1844,1785,811,142,25,3,151,13,24,161,15,180,390,17,629,1976,1250,966,
1823,-145,387,1745,1821,1749,778,138,21,3,147,7,22,158,15,176,390,10,616,1923,1221,934,
1817,-148,374,1732,1807,1728,766,138,19,0,147,6,23,155,17,175,390,9,607,1902,1202,911,
1811,-151,364,1718,1793,1709,755,141,17,-1,142,5,16,155,16,171,390,6,601,1892,1187,896,
1801,-159,350,1704,1780,1688,734,138,15,-3,141,0,11,153,12,168,387,0,595,1876,1168,871,
1795,-158,337,1693,1767,1673,726,140,11,-3,140,-2,15,153,9,164,387,1,587,1859,1157,859,
1799,-147,328,1681,1757,1662,727,141,13,0,141,1,15,153,11,159,388,6,584,1843,1150,850,
1800,-136,319,1670,1747,1647,728,142,14,1,142,5,14,158,15,157,392,9,581,1823,1142,833,
1801,-123,314,1659,1737,1635,728,142,15,4,146,8,20,158,18,157,392,13,575,1795,1133,820,
1807,-105,311,1651,1729,1628,740,146,13,9,145,13,24,160,19,158,394,21,568,1773,1129,815,
1808,-94,307,1642,1721,1616,743,146,16,13,146,17,26,157,22,159,393,24,568,1747,1122,801,
1806,-93,298,1632,1715,1607,741,143,18,10,147,18,27,157,25,158,390,25,566,1724,1113,790,
1802,-90,295,1626,1708,1603,742,141,18,13,146,18,27,156,27,157,386,26,567,1708,1109,791,
1800,-93,287,1618,1701,1597,741,138,19,12,145,20,24,155,26,156,384,26,565,1698,1106,789,
1798,-96,281,1609,1694,1591,735,130,22,9,139,21,24,153,26,156,378,26,569,1684,1101,785,
1794,-101,277,1601,1688,1587,727,126,19,6,135,16,24,153,26,151,373,22,567,1673,1095,784,
1785,-117,270,1595,1681,1579,712,124,12,5,128,10,23,149,22,152,370,21,562,1661,1090,785,
1782,-131,262,1585,1672,1571,697,119,9,1,121,6,20,145,20,154,365,16,560,1645,1081,782,
1779,-144,255,1578,1666,1563,681,117,5,-1,116,-1,17,143,16,150,360,12,558,1625,1074,773,
1767,-161,242,1562,1656,1548,660,116,0,-3,116,-11,11,136,13,142,357,4,552,1593,1060,759,
1763,-170,226,1539,1641,1529,647,111,0,-3,111,-11,6,135,10,140,354,2,546,1553,1047,740,
1763,-162,213,1512,1621,1509,644,107,1,-3,109,-10,3,138,8,136,353,3,538,1505,1031,716,
1759,-149,196,1480,1597,1484,641,108,3,-5,109,-7,2,138,8,130,353,5,528,1450,1021,687,
1754,-134,177,1433,1561,1453,645,106,5,-6,109,1,7,138,14,128,354,7,516,1388,1012,653,
1752,-105,161,1379,1501,1409,654,105,11,0,112,7,14,142,18,130,356,15,500,1318,1006,606,
1741,-84,149,1319,1436,1356,654,106,14,-2,116,13,15,141,22,127,355,22,481,1239,1001,556,
1714,-73,136,1241,1348,1288,634,107,20,-1,118,17,16,139,26,120,350,21,456,1147,995,491,
1672,-72,126,1141,1225,1188,589,103,18,3,116,13,15,136,26,109,340,24,417,1038,988,415,
1623,-69,121,1036,1083,1069,530,101,19,6,108,12,10,133,25,98,326,23,373,922,983,338,
1564,-75,117,923,937,933,452,100,21,3,104,16,8,127,27,84,305,23,321,813,979,271,
1496,-86,110,807,777,786,358,96,17,5,99,14,8,120,26,72,283,18,262,722,971,208,
1427,-97,104,696,623,628,254,89,14,5,94,12,7,111,24,61,257,18,208,648,966,163,
1371,-105,100,611,503,499,168,88,16,0,88,12,7,104,23,56,228,14,164,603,962,133,
1324,-113,96,542,412,393,94,86,13,-5,89,9,7,100,20,51,210,12,129,568,953,112,
1290,-117,91,494,350,318,42,86,11,-6,88,3,5,98,18,44,195,9,109,548,947,103,
1268,-113,90,458,310,265,7,87,13,-5,88,3,5,99,19,39,183,8,97,531,943,98,
1260,-110,90,431,290,237,-4,87,11,-5,86,4,4,100,19,36,180,7,91,518,941,95,
1247,-106,84,407,272,209,-19,79,12,-3,87,6,4,101,16,34,183,7,87,500,935,91,
1235,-97,83,385,255,186,-32,77,16,-1,85,9,9,102,18,35,182,8,83,487,934,89,
1224,-90,84,363,239,165,-43,76,16,2,85,15,9,101,20,40,182,6,82,477,932,86,
1215,-89,86,344,223,140,-53,76,19,4,83,18,9,101,21,44,184,8,86,464,932,88,
1203,-78,87,326,207,117,-62,79,22,8,82,22,12,100,23,48,186,11,85,451,932,89,
1198,-70,91,311,196,103,-70,84,22,12,79,24,11,100,29,49,188,12,85,444,932,89,
1189,-65,89,296,185,87,-77,83,25,17,80,25,11,100,32,48,190,15,88,434,930,84,
1189,-59,87,285,180,71,-93,82,27,16,78,28,15,100,33,48,178,20,85,445,924,82,
1158,-29,91,277,178,71,-99,147,38,81,80,33,28,105,39,50,174,36,82,383,955,93,
1117,2,92,269,186,77,-99,175,62,169,83,40,75,103,49,64,151,54,98,284,1056,267,
1043,35,95,259,206,95,-87,207,92,304,88,58,167,103,68,119,124,88,154,198,1128,1119,
945,50,97,249,220,110,-83,261,112,453,90,70,271,101,85,178,98,121,222,113,1157,2149,
853,61,102,242,224,123,9,329,126,549,87,77,378,101,105,256,91,170,975,29,1171,2595,
814,34,97,232,223,126,163,337,124,539,82,87,485,95,414,1073,76,283,1758,43,1187,2673,
810,7,98,230,214,126,289,353,113,471,79,252,624,97,851,1558,78,299,1909,108,1126,2509,
866,-16,98,230,191,106,310,334,86,343,78,280,595,92,947,1634,79,277,1893,177,1080,1643,
956,-29,96,232,171,86,303,285,65,199,74,281,518,86,968,1623,75,246,1832,250,1066,600,
1037,-39,93,230,159,70,209,217,53,111,74,276,428,78,970,1574,69,202,1079,305,1074,142,
1098,-35,92,229,149,54,45,148,45,64,75,268,324,72,675,777,63,76,297,337,1038,34,
1139,-37,89,226,138,37,-94,103,37,50,76,100,152,65,247,298,57,47,133,351,1011,7,
1155,-38,88,226,134,31,-131,90,35,50,73,60,108,59,146,187,56,40,94,355,1002,7,
1166,-38,89,224,132,28,-135,87,36,50,73,50,92,56,123,158,57,38,83,360,999,7,
1173,-37,89,222,129,24,-138,84,34,49,72,49,88,56,117,147,54,37,85,360,996,2,
1177,-30,90,219,131,23,-135,84,31,47,69,50,80,53,114,143,53,38,86,359,996,1,
1182,-23,91,218,131,25,-131,81,27,45,67,47,77,56,113,139,54,35,87,364,993,1,
1190,-16,87,215,131,24,-126,82,28,46,70,49,75,57,115,139,52,32,90,363,992,-1,
1194,-1,87,213,132,23,-120,82,28,46,71,51,74,58,114,137,52,34,89,363,991,2,
1200,12,89,214,133,26,-110,83,28,45,75,51,71,59,116,137,55,35,86,363,987,5,
1207,23,92,215,131,25,-103,78,31,46,78,48,75,60,116,136,52,35,82,365,985,6,
1211,30,88,213,130,24,-96,77,35,47,76,50,73,54,113,137,48,37,78,362,983,1,
1209,30,89,209,123,21,-95,74,35,47,70,49,70,53,113,133,46,40,74,357,977,0,
1213,27,87,206,120,18,-96,69,36,46,67,47,70,50,114,131,42,38,76,349,969,-2,
1212,22,84,201,118,16,-98,65,36,47,57,45,71,46,114,129,37,37,75,340,966,-1,
1211,18,82,201,116,15,-104,64,36,44,52,44,72,43,115,128,34,40,74,327,961,-2,
1211,12,83,199,117,13,-109,57,35,41,52,42,73,41,116,127,30,39,73,317,958,0,
1211,12,78,198,120,13,-110,55,36,39,51,42,75,39,115,126,27,36,73,309,959,0,
1208,12,73,197,120,15,-108,54,36,39,51,45,73,38,112,126,23,39,71,302,958,-1,
1207,15,71,195,121,16,-108,51,36,39,49,46,71,31,110,125,22,38,73,294,955,-1,
1208,14,68,190,122,18,-106,47,36,42,43,50,70,29,110,127,19,38,74,288,951,-1,
1207,16,67,186,121,17,-103,52,38,42,42,54,73,25,110,128,16,43,74,281,947,-1,
1206,18,69,183,118,15,-104,52,36,43,43,50,71,22,109,131,13,46,72,273,944,-1,
1206,18,72,180,118,12,-106,49,36,44,39,49,71,17,109,131,11,47,76,266,943,-3,
1208,16,72,177,116,12,-104,46,37,41,41,50,69,19,109,133,7,50,78,260,941,-3,
1206,17,69,173,115,10,-103,45,36,41,44,50,65,15,108,131,6,48,76,253,937,-5,
1208,17,63,169,113,8,-106,40,33,43,41,48,63,16,108,130,6,48,76,247,932,-5,
1210,13,60,167,116,8,-107,38,36,43,40,51,63,15,105,129,6,48,76,242,927,-3,
1209,13,59,162,116,7,-107,37,36,40,40,50,62,16,105,127,7,45,74,233,921,1,
1211,13,58,160,117,10,-109,37,34,40,41,51,63,17,103,126,9,44,70,224,917,1,
1210,11,59,160,117,9,-110,36,37,39,39,50,63,17,102,125,8,45,72,219,916,3,
1207,11,61,161,116,9,-109,38,38,39,39,52,62,17,103,121,11,43,73,218,918,1,
1205,13,61,157,116,9,-105,37,35,39,34,54,61,16,107,121,10,43,73,216,919,1,
1207,13,61,158,112,10,-103,38,32,42,31,55,61,17,106,120,7,43,72,216,918,0,
1205,13,59,155,111,9,-102,40,33,45,30,55,60,13,108,118,5,44,73,218,917,1,
1207,13,58,151,113,10,-101,38,26,47,32,55,60,12,108,118,5,45,73,219,916,3,
1210,14,59,148,113,13,-101,35,23,46,32,51,59,12,104,120,1,46,75,212,913,5,
1211,15,60,148,108,15,-105,30,26,46,27,49,60,12,100,120,-2,46,75,209,909,3,
1211,15,60,146,108,17,-106,28,29,47,28,49,60,11,103,123,-3,46,74,202,911,0,
1210,13,55,146,105,16,-106,26,26,47,27,48,59,13,103,123,-5,45,74,196,911,-3,
1211,14,50,145,101,13,-106,25,32,41,25,48,59,13,104,122,-4,40,73,190,908,-3,
1209,12,48,143,103,9,-106,25,33,38,26,52,58,13,105,121,-8,38,69,189,903,-6,
1209,11,47,142,107,8,-109,28,33,36,30,53,60,12,107,117,-8,36,70,186,902,-9,
1208,10,46,139,107,5,-108,25,27,34,31,52,63,13,104,117,-9,38,72,185,900,-11,
1209,13,51,139,105,1,-111,18,25,33,31,52,64,13,104,116,-8,36,73,184,897,-10,
1206,12,55,139,104,0,-112,18,22,38,31,52,64,13,101,114,-10,36,75,181,896,-10,
1207,10,54,138,102,0,-113,19,24,40,27,52,64,13,103,112,-5,33,77,176,896,-7,
1208,8,52,136,101,0,-111,16,25,39,28,54,61,14,105,112,-2,31,76,172,893,-2,
1209,6,47,136,99,1,-111,16,27,41,24,55,58,12,108,109,1,31,74,171,891,2,
1208,0,43,134,98,7,-112,20,28,39,19,56,57,13,107,109,1,31,72,168,889,1,
1210,0,43,132,98,9,-112,21,28,39,18,56,58,14,110,111,3,36,70,165,888,-1,
1211,0,43,131,95,10,-111,17,25,41,20,56,58,12,109,111,1,39,69,162,888,-2,
1210,-4,42,131,92,12,-107,16,25,41,20,54,58,11,105,114,-2,41,70,159,886,-2,
1207,-2,47,128,91,14,-108,19,26,44,19,54,58,11,102,117,-5,39,70,154,880,-2,
1207,3,45,128,91,10,-106,21,29,45,24,54,59,9,101,121,-8,39,72,152,880,-1,
1205,4,44,128,94,8,-105,18,33,46,22,55,59,9,100,123,-13,35,72,150,879,0,
1206,6,44,128,95,6,-108,21,35,44,20,54,58,9,99,125,-15,35,71,151,878,-3,
1206,12,41,127,97,3,-112,22,37,45,22,54,57,9,101,123,-14,36,72,152,880,-4,
1205,12,40,126,100,0,-112,22,38,43,27,54,56,8,105,120,-15,33,72,149,880,-4,
1206,11,44,126,102,0,-116,17,37,45,25,54,56,8,107,118,-17,33,72,146,877,-8,
1208,10,44,125,100,1,-120,17,32,44,28,52,56,6,107,116,-12,33,72,145,874,-7,
1207,8,45,126,100,1,-119,18,29,45,28,50,56,5,109,117,-12,30,71,139,875,-10,
1206,6,46,124,96,4,-120,19,26,44,26,50,56,2,108,118,-13,29,71,135,873,-12,
1205,4,45,124,93,4,-123,17,23,43,23,49,56,2,108,118,-11,30,71,133,873,-19,
1203,2,43,123,90,4,-124,21,22,43,22,49,56,1,104,116,-8,33,70,132,872,-17,
1203,2,45,122,87,3,-120,23,24,43,22,49,56,3,103,117,-12,36,70,129,872,-21,
1202,3,46,121,86,4,-119,21,24,42,23,51,56,5,102,117,-14,36,73,129,868,-14,
1203,3,50,121,90,4,-118,20,26,43,20,50,59,5,99,116,-14,39,72,125,865,-13,
1205,6,49,121,94,2,-115,19,26,43,20,51,60,7,99,116,-15,39,73,121,864,-8,
1204,10,49,121,93,2,-111,13,29,42,19,49,61,6,102,116,-16,37,71,115,864,-10,
1201,7,47,119,92,2,-110,10,27,41,18,47,62,6,104,115,-16,38,66,112,864,-9,
1202,8,45,117,93,1,-109,8,30,40,17,47,60,4,106,114,-14,40,65,110,862,-8,
